{"initial_reset_timestamp": 1496149280.051554, "timestamps": [1496149280.053278, 1496149280.0540328, 1496149280.054516, 1496149280.054977, 1496149280.055678, 1496149280.0566258, 1496149280.057375, 1496149280.057836, 1496149280.058629, 1496149280.059105, 1496149280.059585, 1496149280.060096, 1496149280.0605938, 1496149280.061266, 1496149280.062057, 1496149280.063189, 1496149280.0647838, 1496149280.065771, 1496149280.066401, 1496149280.067035, 1496149280.0677319, 1496149280.068649, 1496149280.069233, 1496149280.069936, 1496149280.070828, 1496149280.071543, 1496149280.072406, 1496149280.072963, 1496149280.073523, 1496149280.074392, 1496149280.075428, 1496149280.0759292, 1496149280.07642, 1496149280.076957, 1496149280.077423, 1496149280.077929, 1496149280.078398, 1496149280.0898612, 1496149280.09058, 1496149280.0914, 1496149280.091928, 1496149280.0923982, 1496149280.093128, 1496149280.093597, 1496149280.094086, 1496149280.094811, 1496149280.095297, 1496149280.095762, 1496149280.0962958, 1496149280.096815, 1496149280.0972748, 1496149280.097975, 1496149280.098498, 1496149280.098987, 1496149280.0994298, 1496149280.1002, 1496149280.100629, 1496149280.101195, 1496149280.101782, 1496149280.102293, 1496149280.1028328, 1496149280.103542, 1496149280.104532, 1496149280.105251, 1496149280.1059341, 1496149280.106436, 1496149280.106951, 1496149280.107411, 1496149280.107914, 1496149280.108373, 1496149280.108834, 1496149280.1095731, 1496149280.11004, 1496149280.1105978, 1496149280.111138, 1496149280.111896, 1496149280.112416, 1496149280.112929, 1496149280.113394, 1496149280.1138718, 1496149280.114326, 1496149280.1150239, 1496149280.115537, 1496149280.116062, 1496149280.116508, 1496149280.117017, 1496149280.117476, 1496149280.118009, 1496149280.118722, 1496149280.119199, 1496149280.119647, 1496149280.120623, 1496149280.121114, 1496149280.121587, 1496149280.122078, 1496149280.1225421, 1496149280.1233149, 1496149280.12428, 1496149280.124824, 1496149280.125292], "episode_lengths": [1, 2, 1, 1, 2, 3, 2, 1, 2, 1, 1, 1, 1, 2, 1, 2, 1, 2, 1, 1, 1, 2, 1, 1, 2, 1, 2, 1, 1, 2, 3, 1, 1, 1, 1, 1, 1, 3, 1, 2, 1, 1, 2, 1, 1, 2, 1, 1, 1, 1, 1, 2, 1, 1, 1, 2, 1, 1, 1, 1, 1, 2, 3, 2, 2, 1, 1, 1, 1, 1, 1, 2, 1, 1, 1, 2, 1, 1, 1, 1, 1, 2, 1, 1, 1, 1, 1, 1, 2, 1, 1, 3, 1, 1, 1, 1, 2, 3, 1, 1], "episode_rewards": [1.0, -1.0, -1.0, -1.0, -1.0, -1.0, -1.0, -1.0, 1.0, -1.0, -1.0, -1.0, 1.0, 1.0, -1.0, -1.0, -1.0, -1.0, -1.0, -1.0, 0.0, -1.0, -1.0, 1.0, -1.0, -1.0, -1.0, -1.0, -1.0, 1.0, -1.0, -1.0, -1.0, -1.0, -1.0, -1.0, -1.0, -1.0, 1.0, 1.0, -1.0, -1.0, 0.0, -1.0, -1.0, 1.0, -1.0, -1.0, 1.0, -1.0, -1.0, 0.0, -1.0, -1.0, -1.0, 1.0, -1.0, 1.0, -1.0, -1.0, 1.0, -1.0, -1.0, 1.0, -1.0, 1.0, 1.0, -1.0, -1.0, -1.0, -1.0, -1.0, -1.0, 1.0, -1.0, -1.0, 1.0, 1.0, -1.0, -1.0, -1.0, -1.0, -1.0, 1.0, -1.0, -1.0, -1.0, -1.0, 1.0, -1.0, -1.0, -1.0, -1.0, -1.0, -1.0, -1.0, 1.0, 1.0, 1.0, -1.0], "episode_types": ["t", "t", "t", "t", "t", "t", "t", "t", "t", "t", "t", "t", "t", "t", "t", "t", "t", "t", "t", "t", "t", "t", "t", "t", "t", "t", "t", "t", "t", "t", "t", "t", "t", "t", "t", "t", "t", "t", "t", "t", "t", "t", "t", "t", "t", "t", "t", "t", "t", "t", "t", "t", "t", "t", "t", "t", "t", "t", "t", "t", "t", "t", "t", "t", "t", "t", "t", "t", "t", "t", "t", "t", "t", "t", "t", "t", "t", "t", "t", "t", "t", "t", "t", "t", "t", "t", "t", "t", "t", "t", "t", "t", "t", "t", "t", "t", "t", "t", "t", "t"]}